Generation, ID,x1, y1, z1, power1, velocity1, x2, y2, z2, power2, velocity2, x3, y3, z3, power3, velocity3, fitness(distance from start), parent1, parent2
0.000000000000000000e+00,1.000000000000000000e+00,4.170564334388206507e-01,4.596961810723331210e-01,7.357048049849652660e-01,-9.442071390326670866e+00,8.681263241149354215e+00,5.560186218706679728e-01,6.906227031564315944e-01,6.933064464889702183e-01,3.272190177616940421e+00,9.690251974048560868e+00,5.063852720006097874e-01,4.728617169569605538e-01,8.631345241942349755e-01,9.436443450112966147e+00,7.542792720485854474e+00,7.477636063459071281e+00,nan,nan
0.000000000000000000e+00,2.000000000000000000e+00,4.042587110220273172e-01,4.786542476526695067e-01,5.971568090398817752e-01,9.948498182168306059e+00,7.668450668707849971e+00,7.467897105189388318e-01,4.461569896851063644e-01,4.105944702307545158e-01,-6.091420259953461702e+00,5.005503843922546992e+00,5.127186042860091275e-01,4.558052653658624109e-01,5.921849868705590936e-01,-6.986657520330609827e+00,6.681462328382103522e+00,6.194698347972492414e+00,nan,nan
0.000000000000000000e+00,3.000000000000000000e+00,4.096860257411227835e-01,4.876015367257741095e-01,5.983874609736332673e-01,1.634932728125326751e+00,8.235076113804874254e+00,6.576717036996482246e-01,8.022059994250825277e-01,4.264740199272351595e-01,-6.085566050681165962e+00,7.721538774429724583e+00,6.560224389574704773e-01,6.061017541350113280e-01,4.663125419407372352e-01,-3.964297813198025544e-01,5.344919739576300621e+00,4.921571014885620876e+00,nan,nan
0.000000000000000000e+00,4.000000000000000000e+00,7.605320333560505741e-01,5.217850506971053459e-01,5.277429442977357166e-01,-1.306270833026115241e+00,8.702394393327690381e+00,4.478563964854442858e-01,6.648964236248828819e-01,8.786382804733410268e-01,8.873488850367204250e+00,6.861953846618465747e+00,8.305671585982563609e-01,5.486314993471876900e-01,7.164949170325187744e-01,-3.175197313426205703e+00,8.448751603159543322e+00,4.766286744846468970e+00,nan,nan
0.000000000000000000e+00,5.000000000000000000e+00,7.282867559942480806e-01,4.390989673321535336e-01,8.967312205073558751e-01,3.816402620552470371e+00,7.672181878098656149e+00,6.460670407148193517e-01,7.417352466125586297e-01,8.412342727645369944e-01,1.389869254601034942e+00,6.941045073442477786e+00,7.680234492959796544e-01,5.612962410828072901e-01,4.844249046561354688e-01,-6.147090899637655426e+00,9.625364141844432453e+00,4.162312431819822578e+00,nan,nan
0.000000000000000000e+00,6.000000000000000000e+00,8.287450526491086933e-01,8.284539955502977504e-01,5.969544790587855143e-01,6.562812651198988156e+00,8.894236049007036016e+00,6.876537555095720844e-01,5.498956506152850032e-01,7.091425152173569391e-01,1.770978605149098328e-01,9.247107737363108981e+00,5.355651124831926069e-01,5.144113593452479538e-01,5.234196662856873683e-01,-4.993986808432571145e+00,7.421646946083111374e+00,3.859562943261172663e+00,nan,nan
0.000000000000000000e+00,7.000000000000000000e+00,4.109631367852694117e-01,4.191996389259589617e-01,7.592814417811872829e-01,1.578413279337680386e+00,5.478839261972200170e+00,7.216658383699693369e-01,6.419098597689749663e-01,6.874510345590134630e-01,-4.482932375891309107e+00,9.186205174174734367e+00,6.735421301735735611e-01,5.380723563505382945e-01,4.401404171085153139e-01,-8.101332445540645466e+00,7.335856324922673366e+00,3.771843783275391271e+00,nan,nan
0.000000000000000000e+00,8.000000000000000000e+00,4.227896034229817745e-01,6.338867484004708786e-01,5.763160077692335292e-01,-3.710165077672111789e+00,6.987329594163610658e+00,6.786201938464493377e-01,6.836810106788981933e-01,5.640923833453501679e-01,3.307317483812015624e+00,7.841760642339289156e+00,7.539605071445627527e-01,8.385891605658384318e-01,4.439509577233456405e-01,3.543812033827751229e+00,7.944251936803579994e+00,3.570167587154435385e+00,nan,nan
0.000000000000000000e+00,9.000000000000000000e+00,8.034177215578457432e-01,8.774803991472419629e-01,7.879398334639842183e-01,-2.763804374027352129e+00,6.080357163705741641e+00,8.070563523729801236e-01,7.738023585767750401e-01,7.736859870018875096e-01,5.882921162342520383e+00,5.244402352692628000e+00,6.694236052483959476e-01,6.112629916938756569e-01,8.318523109043798325e-01,-4.233989594904485898e+00,6.977798652902167831e+00,3.363972638093771117e+00,nan,nan
0.000000000000000000e+00,1.000000000000000000e+01,5.872145661281498175e-01,5.020009243331634563e-01,4.427872590671341202e-01,8.841373360020563510e+00,6.814312704273382870e+00,8.594046037381170011e-01,6.812855629554905867e-01,7.377116411262516493e-01,-6.521707103634066804e+00,5.777139845446046529e+00,5.003773330102794237e-01,5.750467050916406864e-01,8.179778286240875218e-01,-6.303991416816989712e-01,9.015627563163850056e+00,2.988924892363137520e+00,nan,nan
0.000000000000000000e+00,1.100000000000000000e+01,4.432012869691119850e-01,4.458909186786799150e-01,6.249363507242013949e-01,-3.837459151573798799e+00,5.627906024481623248e+00,8.614182362173137264e-01,4.996194964990874898e-01,4.115510507013729891e-01,-5.347216815207178620e+00,7.780111342170251909e+00,8.083828139593844941e-01,5.368752258848142889e-01,4.825755215319608715e-01,4.498451503645474858e+00,9.452772034710143600e+00,2.472206234890811150e+00,nan,nan
0.000000000000000000e+00,1.200000000000000000e+01,6.558569222803281029e-01,8.095858904317621008e-01,4.066901143419435205e-01,7.525889310619127137e+00,5.815320353293227384e+00,7.564798083625396963e-01,6.165607952117401203e-01,4.365819617744098324e-01,-6.542499630276243927e-01,5.399291749677797014e+00,8.395293882956788023e-01,6.198013079250948021e-01,6.954939425527302266e-01,9.287810137012737499e+00,8.966053399241676658e+00,1.548246487099750102e+00,nan,nan
0.000000000000000000e+00,1.300000000000000000e+01,7.641347042029495995e-01,6.230959035492624754e-01,5.793525276080323527e-01,1.999080945158451250e+00,9.822811210849923924e+00,8.575937098317265583e-01,8.957651655975318317e-01,4.679452681754126542e-01,-6.605713857122528232e+00,8.988602038371073633e+00,7.262304281031419784e-01,5.978525934501706107e-01,4.406785923035775876e-01,-8.019326897988801051e+00,9.693565999495238117e+00,7.954302382822225903e-01,nan,nan
0.000000000000000000e+00,1.400000000000000000e+01,5.613183625046909153e-01,6.376922130606276218e-01,7.387684983460888200e-01,5.166777746433693252e+00,6.981495199591718936e+00,4.780241817701648688e-01,4.329615937414958426e-01,8.761497950546592861e-01,-5.706887510779752759e+00,5.188258611347261962e+00,5.943589654055644322e-01,5.119028941521589493e-01,5.054644833568180395e-01,-5.697731787414264559e+00,5.799181226743176154e+00,7.164902240360014885e-01,nan,nan
0.000000000000000000e+00,1.500000000000000000e+01,8.029048746392737357e-01,4.086808408142897364e-01,7.293095707877084166e-01,3.022945609318439253e+00,5.569069542235541626e+00,4.930178683839608333e-01,7.717030340984756265e-01,6.760481637493944707e-01,-7.671279610201851007e+00,8.160282805341479317e+00,7.530922352355935434e-01,8.272871803021493164e-01,8.331278434291944368e-01,7.245671829657260865e+00,9.915934422838668993e+00,6.645008711382018873e-01,nan,nan
0.000000000000000000e+00,1.600000000000000000e+01,4.643011540290260530e-01,5.258743991227521342e-01,7.229155375364566538e-01,-5.443589886202762074e+00,5.824725867939724466e+00,6.230552166537903780e-01,6.677446131767651449e-01,7.804819962807029166e-01,3.965333963618424828e+00,5.453839398051731457e+00,4.884027092790864666e-01,8.798421062353299904e-01,5.185322821591888953e-01,-8.961942751883000824e-01,7.993143549705520989e+00,6.320505431563132603e-01,nan,nan
0.000000000000000000e+00,1.700000000000000000e+01,6.018147925935017906e-01,5.145191466027918548e-01,8.817656077526596636e-01,-8.136312230959120484e+00,7.335418606233824690e+00,8.566504933702783209e-01,7.839716129768385944e-01,4.797905867246954337e-01,-5.037185003654074400e+00,8.154445293524247518e+00,4.207847257269455854e-01,4.192844746204847928e-01,4.213168972866672690e-01,-4.732925801508591768e+00,7.668442003177137423e+00,6.083249505418286684e-01,nan,nan
0.000000000000000000e+00,1.800000000000000000e+01,6.335342107520980370e-01,8.343522650649977113e-01,4.393414932817426011e-01,8.590531167864817519e+00,5.585973860399943369e+00,6.847893171057788386e-01,6.388605230725333817e-01,4.876558943801034274e-01,-3.141926389142970510e+00,6.211310934129461003e+00,6.966159855345938068e-01,5.978467457671025054e-01,6.440165291977781870e-01,3.395077860829922578e+00,7.416613647543385035e+00,4.866532086474059660e-01,nan,nan
0.000000000000000000e+00,1.900000000000000000e+01,4.421050546421542160e-01,5.934860910239556642e-01,5.701892010072905359e-01,3.364006382778388371e+00,9.428220025819735284e+00,6.007466975161466216e-01,4.090081670172650008e-01,6.201988644668094963e-01,4.948142058676650024e+00,8.446876138089125519e+00,6.707230214242079214e-01,5.768237657612984570e-01,8.202169675588346642e-01,-6.180672966720579531e-01,5.273725957073164494e+00,4.203356032394729991e-01,nan,nan
0.000000000000000000e+00,2.000000000000000000e+01,7.856570621301806057e-01,4.450095155455235374e-01,4.644435854292316979e-01,-5.458274644793982944e+00,9.893759423291964339e+00,4.534480806917417506e-01,7.386883895317792881e-01,7.276471461339886204e-01,1.622756524651989274e+00,8.464573299783662463e+00,8.509128476671072860e-01,7.353751068569099880e-01,6.197351838469633556e-01,5.534099519494917629e+00,9.330912015035789153e+00,3.702514189674887546e-01,nan,nan
0.000000000000000000e+00,2.100000000000000000e+01,8.115813944906786759e-01,5.460635454447562154e-01,6.426175553388844275e-01,9.717668372450143366e+00,6.960978885642635561e+00,7.559321179356053300e-01,6.755872887988253472e-01,4.816750021253938807e-01,5.596997349127086352e+00,9.285557565597986951e+00,7.588304307619647693e-01,4.351127194099667639e-01,5.771892529260388427e-01,-8.773105061393710713e+00,5.102247043874500676e+00,3.484796612153197026e-01,nan,nan
0.000000000000000000e+00,2.200000000000000000e+01,5.853248091250230489e-01,6.117439217696043485e-01,4.929474352770602530e-01,7.753385017962344250e-01,6.699601499117086689e+00,5.903851228954846153e-01,8.315199905292780524e-01,4.267985100566596968e-01,1.945893016109707663e+00,7.254228596233136095e+00,7.928101844316638447e-01,8.265363082874780387e-01,5.818189765714735229e-01,7.365855058456840965e+00,7.072504742439155834e+00,3.018502505863172036e-01,nan,nan
0.000000000000000000e+00,2.300000000000000000e+01,7.387300537770637998e-01,5.039189524882264903e-01,6.801377083546672475e-01,-9.644830761226774740e+00,5.740551150134689529e+00,5.503887428744115295e-01,5.818993210479370681e-01,5.581155074227733826e-01,-4.491002024478294885e+00,8.420018860157865603e+00,5.823410465500196143e-01,7.213137353831391430e-01,7.766231963953711404e-01,-4.442267903301226895e+00,6.916935576245339945e+00,2.856299832622641310e-01,nan,nan
0.000000000000000000e+00,2.400000000000000000e+01,4.891141597010933428e-01,5.007182030600693112e-01,5.472165803938526807e-01,-9.698541322935522402e+00,9.064692846791228220e+00,8.021960201092392939e-01,4.256615522781304062e-01,7.951868274847467832e-01,-9.288234425539263484e+00,6.127593603005159650e+00,6.098942156514208790e-01,8.805948472501015090e-01,8.953567713002246187e-01,7.449341592674743495e+00,9.333496231565559853e+00,1.376742429178973715e-01,nan,nan
0.000000000000000000e+00,2.500000000000000000e+01,5.270354164234904992e-01,8.684301930637611244e-01,5.376510857242388086e-01,3.223155267516268907e+00,5.538950766463920594e+00,4.999202617124909320e-01,7.270962935208704625e-01,6.575649298485943817e-01,-7.265936021063845729e-01,6.980309940717404515e+00,6.910695778657558463e-01,5.629462253736579047e-01,6.074147366923273728e-01,5.120799843493434977e+00,5.199313465111482735e+00,2.864525305051274576e-02,nan,nan
1.000000000000000000e+00,2.000000000000000000e+00,4.684554412108584698e-01,5.449588980987396525e-01,7.332713947077109662e-01,7.598405799389016835e+00,9.151952708412419923e+00,6.253469200529819805e-01,6.556317613143969325e-01,6.692847595862052579e-01,3.793068553616727456e+00,8.938237161905755457e+00,7.457619245491668991e-01,7.471014406172747924e-01,5.831594897748633155e-01,-7.584142934610681452e-01,3.989561641435817929e+00,9.792647275639058790e+00,1.600000000000000000e+01,1.900000000000000000e+01
1.000000000000000000e+00,1.200000000000000000e+01,4.390117825167683119e-01,5.707624931773999100e-01,5.713964800144574196e-01,-1.579568777245076738e+01,8.913520692035119097e+00,8.800650658862227971e-01,4.140733400766996586e-01,6.707279865143676023e-01,-1.134694506337046249e+01,6.467121336592337677e+00,6.594277421868199873e-01,7.672586154404574810e-01,8.014229004717470239e-01,-1.567519018812561171e+00,7.819953159148248290e+00,8.872996122138715691e+00,1.900000000000000000e+01,2.400000000000000000e+01
1.000000000000000000e+00,1.700000000000000000e+01,4.677336885488259099e-01,6.566824148501422265e-01,6.080476515788659775e-01,3.295228648945292882e+00,8.924324379088563575e+00,6.250034441616284520e-01,8.008205420849898726e-01,7.156273297274987621e-01,1.639604660984951945e+00,8.144071629066937490e+00,7.985661167032073182e-01,5.762712343956656325e-01,3.592228610269134759e-01,-4.575295812769923032e+00,7.950225476195936558e+00,7.213188516749655221e+00,1.900000000000000000e+01,5.000000000000000000e+00
1.000000000000000000e+00,3.000000000000000000e+00,7.618315837137626945e-01,5.471991684527238720e-01,5.560933479968971360e-01,-3.629268745520944250e+00,1.044078078631565987e+01,4.539183483321633239e-01,6.286675317187334633e-01,7.287033447204857017e-01,1.098848251968719225e+01,7.044272744132070940e+00,8.359398022808643969e-01,7.971746039555769325e-01,6.567945161946514565e-01,1.453686244771230207e+00,8.254554011084932696e+00,6.301890725274317262e+00,2.000000000000000000e+01,4.000000000000000000e+00
1.000000000000000000e+00,8.000000000000000000e+00,8.088210666772572832e-01,4.980746942032983071e-01,6.057991257393099405e-01,-1.071995920993265727e+01,8.675038172930007008e+00,6.064200924978910834e-01,6.607692749814843003e-01,8.841232882200760201e-01,4.965631036199229520e+00,1.028521771740487623e+01,4.699802178986682843e-01,4.405123865786625403e-01,6.637721271759438046e-01,1.842905954044567807e+00,7.567608348543960695e+00,5.676023732953059842e+00,1.000000000000000000e+00,4.000000000000000000e+00
1.000000000000000000e+00,2.200000000000000000e+01,4.504212313037330162e-01,6.053501677704861139e-01,9.246015362196517984e-01,3.524868374318141928e+00,9.887222910891320993e+00,6.080857745702104022e-01,7.239380561248670576e-01,8.475128877227784407e-01,3.173671972524137352e+00,8.617291504893687559e+00,6.309821612243255995e-01,5.577686105388901527e-01,5.418598937361447376e-01,-1.331793931039545242e+00,3.569919714006231093e+00,5.154973958639335940e+00,5.000000000000000000e+00,1.900000000000000000e+01
1.000000000000000000e+00,1.000000000000000000e+01,4.581883275596617122e-01,5.752881484937777401e-01,5.082484063978154332e-01,-7.695684080065925414e+00,8.287343751287869154e+00,5.901989233936107970e-01,6.087142131525620226e-01,8.058124221718756530e-01,4.149418895134580509e+00,9.898520093639644912e+00,6.370173377997165876e-01,4.565898388526754559e-01,4.460867151531542341e-01,-5.210606934598130957e-01,5.728535921400686348e+00,4.979476488086628905e+00,1.600000000000000000e+01,1.900000000000000000e+01
1.000000000000000000e+00,1.400000000000000000e+01,4.525136295119251972e-01,5.017916707888236960e-01,5.714354595676713888e-01,6.894462875988615735e+00,9.114086078501900445e+00,6.084535228920132655e-01,4.075123785068073823e-01,7.786627313333090994e-01,-5.767545269384610762e+00,7.097959433654681405e+00,5.823935916210378760e-01,1.029939152053620077e+00,8.980003825504925263e-01,6.817563036534924237e+00,3.737990658344435335e+00,4.732422692043743773e+00,1.900000000000000000e+01,2.400000000000000000e+01
1.000000000000000000e+00,7.000000000000000000e+00,5.377257605954360864e-01,4.821490026659275285e-01,5.334268123629847258e-01,3.669083053910372261e+00,9.668753387913731956e+00,6.244205111956954157e-01,8.406681517129738213e-01,5.841106889456034734e-01,4.366647073247831301e+00,7.600491058884750295e+00,6.698736155684199556e-01,5.560086861459542229e-01,6.068966958304906623e-01,-2.039456196629118701e+00,4.634275987600011248e+00,3.980404012226779642e+00,1.900000000000000000e+01,5.000000000000000000e+00
1.000000000000000000e+00,2.500000000000000000e+01,7.878373814039605350e-01,4.737304099762553178e-01,5.084840808277331092e-01,-2.724680579595807117e+00,1.039919845856619318e+01,4.536689727265738603e-01,7.527191174635938786e-01,8.910703231260675983e-01,6.400083512813830033e+00,6.908323819348908934e+00,8.428481166101410293e-01,5.659078956348325695e-01,6.448853160436991416e-01,1.107480833701641743e-01,8.234458454180870746e+00,3.693910029321213706e+00,2.000000000000000000e+01,4.000000000000000000e+00
1.000000000000000000e+00,1.100000000000000000e+01,9.054411097742145476e-01,4.542334525894010100e-01,5.698775900669423855e-01,3.699683264123585502e-01,8.674560578935935240e+00,4.988858053047100505e-01,6.561910996121895767e-01,7.822128984063303481e-01,6.312321599298983621e+00,1.094658472241256320e+01,8.243970779167204554e-01,4.668436345588909409e-01,6.753476925358885552e-01,-3.434631185514902540e-03,7.563712498577900512e+00,3.622623668218433846e+00,1.000000000000000000e+00,4.000000000000000000e+00
1.000000000000000000e+00,6.000000000000000000e+00,6.635061177824757017e-01,6.210884682599009388e-01,6.371717890532018203e-01,4.013937477505878704e+00,9.472448890345042116e+00,6.529232171150883834e-01,8.484259365536908071e-01,5.659985347353414520e-01,5.481426033256470376e+00,8.786428599237373405e+00,7.698955872650252719e-01,5.547214514807380370e-01,9.192923188797179623e-01,-2.609361209081778377e+00,1.078119341371557205e+01,3.622285718450838576e+00,5.000000000000000000e+00,1.900000000000000000e+01
1.000000000000000000e+00,9.000000000000000000e+00,4.666192666667993705e-01,5.641580947023306924e-01,5.639827059725091019e-01,-9.269962145624178973e+00,8.564315228291604853e+00,6.075701661553659649e-01,4.788776134700074572e-01,5.939162548658922791e-01,3.950333351710715313e+00,5.688763553777712367e+00,7.509863847746243160e-01,9.939669584258279400e-01,5.597776670174975377e-01,-6.479825320311335402e-01,8.858053195420946935e+00,3.384840887117005259e+00,1.600000000000000000e+01,1.900000000000000000e+01
1.000000000000000000e+00,2.300000000000000000e+01,4.204347236367176333e-01,5.744168300739366240e-01,5.549352631834212346e-01,3.935514824839611236e+00,9.508122728222575759e+00,5.341242885675031582e-01,4.095070454240898328e-01,6.334638675921515638e-01,-1.614731429969545928e+01,9.149884595252837372e+00,5.863032600559249241e-01,6.174372708097810580e-01,9.078748828093279322e-01,-3.737713956399886239e+00,4.538714470982855076e+00,3.263446060735221810e+00,1.900000000000000000e+01,2.400000000000000000e+01
1.000000000000000000e+00,1.500000000000000000e+01,4.552068212701282368e-01,6.545107393683351482e-01,9.055537815496440546e-01,3.486696774422282541e+00,9.930752107014399144e+00,5.905161809083669944e-01,3.819208240355997930e-01,8.569449007606045887e-01,3.266654067387667837e+00,6.265662398983430137e+00,8.090733273280813487e-01,5.733042152521734547e-01,4.477203230788651678e-01,8.018862349707092108e-01,8.523217729936972020e+00,3.242028844730995285e+00,1.900000000000000000e+01,5.000000000000000000e+00
1.000000000000000000e+00,4.000000000000000000e+00,7.974309285090325217e-01,4.838590580191262092e-01,5.536162503171900839e-01,-2.954292438714389846e-02,8.685645455508613111e+00,4.465693014264622840e-01,6.409462371077389031e-01,7.150546140100848547e-01,8.143327601545234273e+00,7.870593296367155212e+00,8.265993126878403707e-01,6.978437174462610582e-01,6.825110799050073673e-01,-1.790319012280345845e-01,9.084869211662052635e+00,3.197212349080605254e+00,2.000000000000000000e+01,4.000000000000000000e+00
1.000000000000000000e+00,1.800000000000000000e+01,5.374669857646495741e-01,5.057750803216598534e-01,5.400916767501785509e-01,-1.923907975470379839e+00,8.683160930684016066e+00,4.542478115930165261e-01,6.722884948861831411e-01,6.035970855572363458e-01,9.937312271664101360e+00,5.818413653099219651e+00,7.455883683883663959e-01,5.164531742259204083e-01,6.463141947217228012e-01,8.877379127300066841e-02,8.195981297607586313e+00,2.887550992671186201e+00,1.000000000000000000e+00,4.000000000000000000e+00
1.000000000000000000e+00,2.000000000000000000e+01,6.702505775824236789e-01,5.366429420175659049e-01,6.899772967161867943e-01,3.173119972418799506e+00,1.029773420513392423e+01,6.110191229516672706e-01,6.312865095969832918e-01,7.463872689765539414e-01,1.812583146955287106e+00,8.898100356184370341e+00,7.576870279439832379e-01,5.589878860814274653e-01,5.148023930618049748e-01,-2.353203665455866123e+00,5.616654818576821029e+00,2.820468352459265748e+00,5.000000000000000000e+00,1.900000000000000000e+01
1.000000000000000000e+00,2.100000000000000000e+01,4.528149111325950327e-01,5.208767328817857090e-01,5.827360881901184619e-01,8.139253796565917298e-01,1.028383381947739750e+01,6.006476642927552900e-01,5.568984757077057868e-01,5.662080460711382823e-01,3.765605488675340951e+00,9.647646603118925412e+00,6.428228645054170354e-01,7.292835804287203239e-01,9.284323111297436704e-01,-6.147144565685455087e-01,4.062353510026000869e+00,2.794398958367343422e+00,1.600000000000000000e+01,1.900000000000000000e+01
1.000000000000000000e+00,1.300000000000000000e+01,4.467466036961331155e-01,5.740982434661630052e-01,5.657647304866924021e-01,-1.317681900718530130e+01,9.193623734899215805e+00,6.789946234400410230e-01,4.144282205117644224e-01,6.605754763000044605e-01,-1.517915000985189700e+01,8.418964774188918199e+00,6.216385897998227827e-01,9.308071798287781418e-01,7.961734154047772627e-01,1.090674034269159343e+01,4.267233793094129091e+00,1.855440934747553561e+00,1.900000000000000000e+01,2.400000000000000000e+01
1.000000000000000000e+00,5.000000000000000000e+00,7.486463811374930444e-01,4.565884957853215687e-01,6.488999987620582832e-01,3.355186848478886485e+00,7.310251268494784682e+00,6.100675290456689659e-01,6.589535345397417032e-01,6.251077647440943519e-01,1.798303131217905193e+00,7.001067954216085631e+00,6.603529524967964859e-01,5.701972069501163309e-01,4.857410418277938735e-01,-6.499852677481431584e+00,1.034857258117943246e+01,1.659450100683221185e+00,1.900000000000000000e+01,5.000000000000000000e+00
1.000000000000000000e+00,1.600000000000000000e+01,7.934428271279652112e-01,4.393763523492165146e-01,4.347248735289228061e-01,-6.702323037834223562e+00,8.191070796543012733e+00,4.533939141294506259e-01,7.692331460562294998e-01,8.296863225238367834e-01,2.617996934244640528e+00,6.626221795174410012e+00,8.320356098846759529e-01,6.173261451866713934e-01,6.371304986132994008e-01,-5.915829168536683724e-01,8.944462079356535256e+00,1.627900085280319153e+00,2.000000000000000000e+01,4.000000000000000000e+00
1.000000000000000000e+00,2.400000000000000000e+01,2.653318121146792108e-01,5.329229440650681271e-01,5.669419589475293009e-01,-3.800607536930678876e+00,8.675117189407147933e+00,4.728155467369218323e-01,7.024466263964959101e-01,6.169200771922279669e-01,9.207915447363900441e+00,1.077033020766035776e+01,5.287710432501113722e-01,4.848702097517115228e-01,8.519346674424037591e-01,9.167298259152817153e+00,8.584541776797605550e+00,1.463633882975931222e+00,1.000000000000000000e+00,4.000000000000000000e+00
1.000000000000000000e+00,1.900000000000000000e+01,6.494649870590971652e-01,5.100412335606909764e-01,1.010670499662640998e+00,3.495952397761394881e+00,7.828232720332055194e+00,5.975885992667893110e-01,8.008610718348775359e-01,6.732463991673528492e-01,1.091402782683696504e+00,8.216353846397630889e+00,7.757140002636090381e-01,5.535613358966835484e-01,9.749683478723553121e-01,2.095181135994298671e+00,5.156186737064959225e+00,1.358411051781906576e+00,5.000000000000000000e+00,1.900000000000000000e+01
1.000000000000000000e+00,1.000000000000000000e+00,4.505061047662625717e-01,6.059966191852522721e-01,6.682991229060979421e-01,-1.815135192718688728e-01,8.011297326313446376e+00,5.966240923240834215e-01,6.695178671678703175e-01,8.158681861133328939e-01,4.023368446760115624e+00,3.998063788993954759e+00,6.181759177424772655e-01,7.465459749686049751e-01,4.502239042599600061e-01,-5.624575484462259745e-01,9.345098885718599035e+00,1.063241343293362284e+00,1.600000000000000000e+01,1.900000000000000000e+01
1.000000000000000000e+00,2.600000000000000000e+01,4.719556453719354616e-01,5.258801987799990307e-01,5.436651417260860431e-01,-9.466009590066633450e+00,9.504064106776304754e+00,5.093940229527754715e-01,4.234722373205418444e-01,7.432460601762858055e-01,-3.902897253264640653e+00,7.716204890262585714e+00,6.277044467686885287e-01,6.126186626792126111e-01,8.524305804535748932e-01,-2.936341213021248286e+00,1.064447922889054077e+01,8.986023287084885514e-01,1.900000000000000000e+01,2.400000000000000000e+01
1.000000000000000000e+00,2.700000000000000000e+01,6.713883748304450005e-01,6.290267722717630683e-01,4.193297332071048711e-01,3.733741416136939772e+00,1.027848720766175283e+01,5.800988493290233361e-01,2.814594968310785705e-01,5.238039249329464742e-01,9.332778083580304251e-01,7.309844124857075798e+00,7.918124252318916589e-01,5.642919973358002661e-01,5.003373128883888965e-01,1.465778701201019274e+00,7.271387285301075920e+00,4.761642772039471061e-01,1.900000000000000000e+01,5.000000000000000000e+00
1.000000000000000000e+00,2.800000000000000000e+01,7.496690340734027957e-01,5.411648592239679534e-01,5.027928131427120695e-01,-7.011167795339455111e+00,9.259123405130065265e+00,4.529604661678074407e-01,7.233680383790730417e-01,9.106580730009664615e-01,8.128391467354418864e+00,8.249497314744525411e+00,8.464369612751601046e-01,6.438468050803072273e-01,6.160591282982973427e-01,-2.045632181268565830e+00,8.402561867691197506e+00,4.146554310921223285e-01,2.000000000000000000e+01,4.000000000000000000e+00
1.000000000000000000e+00,2.900000000000000000e+01,7.135706876525823583e-01,4.332292885241861846e-01,6.118334338730708755e-01,-7.055250485207230859e+00,8.696362122433255237e+00,4.180897154603648858e-01,7.004811773514579842e-01,6.687436939362271238e-01,7.902529136785576114e+00,8.601810648547104421e+00,4.911676920480401165e-01,5.541682215488912266e-01,7.252251262447950708e-01,1.752890103611635553e+00,7.814172284986845796e+00,4.007429913159251123e-01,1.000000000000000000e+00,4.000000000000000000e+00
1.000000000000000000e+00,3.000000000000000000e+01,5.473604220113265084e-01,5.196010237720138925e-01,8.024534960578677545e-01,3.849055281632393299e+00,8.115173197156215323e+00,6.629431763474613604e-01,3.835869501852260388e-01,6.271910048432334239e-01,2.227290508409003333e+00,9.022866653928446112e+00,8.124013831942256125e-01,5.825896886646199091e-01,4.272909224027336972e-01,1.095442665987013342e+00,4.809762805983819334e+00,1.856296151500408040e-02,5.000000000000000000e+00,1.900000000000000000e+01
2.000000000000000000e+00,5.000000000000000000e+00,4.549344051351826290e-01,5.435439535744809314e-01,5.476390138175678546e-01,-3.251759611602787814e+00,8.680793124288038953e+00,5.854064215344138011e-01,7.436996469929989528e-01,7.337218735145688564e-01,6.502644703042994578e-01,9.167521753386921546e+00,6.423160799228707640e-01,6.015469019653686411e-01,4.304326963451080568e-01,-2.510124267139591581e+00,4.887817488315971737e+00,8.772142773613268218e+00,1.000000000000000000e+01,1.700000000000000000e+01
2.000000000000000000e+00,2.700000000000000000e+01,7.602721013771500669e-01,4.641645750902951284e-01,4.536393142782971788e-01,-1.363737092470693568e+01,9.123817975929586765e+00,9.474208669001522587e-01,6.942764828415659562e-01,6.307205712024539501e-01,7.681470055880495806e+00,6.636726064708567741e+00,6.305615207655753673e-01,5.779902538024677128e-01,8.830792858666334233e-01,-1.033181107556533807e+00,9.391053308734161220e+00,6.041327771613495656e+00,1.600000000000000000e+01,1.200000000000000000e+01
2.000000000000000000e+00,4.000000000000000000e+00,7.116237653097967630e-01,5.858058904447986937e-01,4.847772856551647580e-01,-5.996983645253289197e+00,7.848385513981158468e+00,4.865015824805724032e-01,6.063399802073821121e-01,8.271031171247877900e-01,4.769690867844059490e+00,6.845772004242197895e+00,5.468553563844669174e-01,5.730261119562524152e-01,4.784502835543057442e-01,1.078042091865963448e+00,4.675645984503981722e+00,5.799556235805163773e+00,1.000000000000000000e+01,3.000000000000000000e+00
2.000000000000000000e+00,9.000000000000000000e+00,4.457756850893820899e-01,6.402724587406762868e-01,6.239322128963483705e-01,-1.794460508256195652e+01,9.305624974231275104e+00,6.517501877557111412e-01,5.932309004914066985e-01,6.477292300759356358e-01,4.247173652598839055e+00,8.370683091013917831e+00,8.150618226696773050e-01,7.030377746758920132e-01,5.086763069437485463e-01,8.959672639071893485e+00,2.475501050050489926e+00,5.698432765610259132e+00,1.300000000000000000e+01,1.700000000000000000e+01
2.000000000000000000e+00,8.000000000000000000e+00,4.673583136897925816e-01,4.764166218666593955e-01,8.282459138609208349e-01,-1.119258277770491716e+01,9.655122660930507195e+00,5.543092588062991100e-01,3.694287392664375447e-01,8.372867026460690809e-01,-2.277841141635001065e+00,6.808786343519925843e+00,7.451690359339425695e-01,5.896661473357699412e-01,1.043874771728554585e+00,2.101332655124283022e+00,1.123840046884384947e+01,5.558746894674385430e+00,1.500000000000000000e+01,2.600000000000000000e+01
2.000000000000000000e+00,2.900000000000000000e+01,4.210894996148473179e-01,5.426343341970379930e-01,6.622184217072221157e-01,-4.698368558081504887e+00,8.721771208984183232e+00,8.639883525013234422e-01,4.258711222345373804e-01,6.768314605301379849e-01,-1.776983347748163311e+01,8.725771716132376454e+00,7.511267409782753646e-01,5.912596051690983678e-01,6.768674209904377292e-01,3.744454659673825958e-01,4.564021299216476812e+00,5.490727830067712922e+00,1.200000000000000000e+01,3.000000000000000000e+01
2.000000000000000000e+00,1.000000000000000000e+00,4.539537839684673615e-01,6.897651764592059864e-01,7.653160407281438538e-01,-4.195440464573263029e+00,9.311603447728758809e+00,5.901481510164975353e-01,3.563094128030740437e-01,8.381437411698673401e-01,4.412123383103898178e+00,8.927875753514074475e+00,7.508135467894315740e-01,4.287066851166086434e-01,4.460804267699828296e-01,-3.590676561550055768e-01,7.027705375697106405e+00,5.313135055315870936e+00,1.500000000000000000e+01,1.000000000000000000e+01
2.000000000000000000e+00,7.000000000000000000e+00,7.655469314340098697e-01,5.496274609511406783e-01,4.897405785488338492e-01,-9.552323684887536359e+00,7.353560202103118115e+00,3.979149691491842278e-01,6.071300493541955667e-01,7.065192812030840486e-01,5.590149700762888862e+00,8.732279231175507306e+00,8.562818973723318461e-01,6.592195719391011899e-01,6.535272821958308942e-01,-1.176739583777947074e+00,9.035857348142794621e+00,5.104688000095749523e+00,3.000000000000000000e+00,1.000000000000000000e+01
2.000000000000000000e+00,1.900000000000000000e+01,4.568962990148405789e-01,6.835708264414208646e-01,6.137725684855375174e-01,3.297117662732969023e+00,8.652339422513367850e+00,5.755463274406892316e-01,6.327695640344102035e-01,7.438566787727741714e-01,4.233086066858708918e+00,8.260451657376760792e+00,5.875598330908112787e-01,5.768109969883998822e-01,3.805120544923786263e-01,1.384496715642526965e+00,4.641961198284215051e+00,5.062917820971690297e+00,1.000000000000000000e+01,1.700000000000000000e+01
2.000000000000000000e+00,6.000000000000000000e+00,7.079700693255892574e-01,4.851402779150573163e-01,4.472654631039041373e-01,-1.103586855238264164e+01,8.975396456421499636e+00,6.654925991448146227e-01,8.262659307493637195e-01,6.798231656678666024e-01,-1.412722104161242775e+01,6.670701260413683720e+00,6.800049432432605512e-01,6.934127131670907440e-01,8.773467778586888643e-01,-2.410890573436774709e-01,8.583029519754092007e+00,5.016986401858166467e+00,1.600000000000000000e+01,1.200000000000000000e+01
2.000000000000000000e+00,2.200000000000000000e+01,3.540643499943071926e-01,5.388883283300913707e-01,5.623761706238151747e-01,-6.508562368430355072e+00,8.200312219505709876e+00,4.124381449285574597e-01,6.256557957831871963e-01,7.842007710023464195e-01,9.181504436574630112e-01,1.078419402047926923e+01,8.268726041740880328e-01,3.259645032280694688e-01,5.228212466638568756e-01,1.689923387400640076e+00,5.129329962658570885e+00,4.792211194594726109e+00,1.000000000000000000e+01,3.000000000000000000e+00
2.000000000000000000e+00,2.500000000000000000e+01,4.584813209846601012e-01,6.459346285611601290e-01,6.289837648504398304e-01,-1.451183872020830989e+01,9.024308242525620471e+00,6.979535197704275218e-01,2.604175486198476719e-01,6.552011426603652211e-01,-7.463524389307753637e+00,8.399792328410002895e+00,6.946340744717702798e-01,1.003329316009039074e+00,5.941925186843792783e-01,-1.101426024541858517e+01,4.858764685883745216e+00,4.001933651752650256e+00,1.300000000000000000e+01,1.700000000000000000e+01
2.000000000000000000e+00,2.400000000000000000e+01,4.637650164482934323e-01,5.903081140714883102e-01,6.178373978519393628e-01,-1.789362658580408549e+00,9.629786318224173414e+00,5.742892957846745805e-01,3.989589600056291929e-01,7.695353321057396556e-01,4.457369606860560829e+00,6.549448192948599257e+00,7.677366187898346794e-01,5.734646834439208751e-01,7.531869387249308101e-01,1.340658543962205407e+00,7.574564678115531358e+00,3.977325805748738397e+00,1.500000000000000000e+01,2.600000000000000000e+01
2.000000000000000000e+00,1.800000000000000000e+01,5.500730036242360566e-01,5.474806979019498643e-01,8.034607491177012673e-01,-1.961609444946152081e+00,8.706758125151976557e+00,6.884535270497893489e-01,4.209988949300940142e-01,6.875999495680563678e-01,-6.903514708664653554e+00,9.220645058992463561e+00,6.287113217796888032e-01,5.063142362134835928e-01,9.810523699562831990e-01,-1.503341858183553370e-01,4.394811677959587826e+00,3.699314874053315716e+00,1.200000000000000000e+01,3.000000000000000000e+01
2.000000000000000000e+00,1.100000000000000000e+01,4.546121242232999404e-01,6.446612008351588763e-01,4.634445442474737220e-01,-3.730226439566790120e+00,7.788249043540393046e+00,5.906041504156737121e-01,5.669767429562375671e-01,8.817751445310670899e-01,3.916338253003519121e+00,7.030189186227813636e+00,6.741587805095206054e-01,5.396782681034533180e-01,4.463614364544064017e-01,6.566761283679636296e-01,8.659558800674158618e+00,3.505357935404330494e+00,1.500000000000000000e+01,1.000000000000000000e+01
2.000000000000000000e+00,1.600000000000000000e+01,5.512428479404035686e-01,5.592009452486133014e-01,5.384105977936233245e-01,-4.371179754127222594e+00,8.957582969545706320e+00,6.186930754592794290e-01,6.096078840972637414e-01,6.904646436404446863e-01,1.792953315677276782e+00,7.231607858996139448e+00,8.657574063085602400e-01,3.485331814149938423e-01,3.819776365546869723e-01,1.250578988762289789e-01,5.152385358973769591e+00,2.572259393884485768e+00,3.000000000000000000e+00,1.000000000000000000e+01
2.000000000000000000e+00,2.000000000000000000e+00,4.717421499871044532e-01,6.292782725898327101e-01,5.256033806965667576e-01,8.024438014510256068e+00,8.986898906404583443e+00,6.263139062918442468e-01,5.568635018778856915e-01,7.915850150698233723e-01,5.274478800427198522e+00,9.122301344858698258e+00,6.609746202954491778e-01,5.682665551206256271e-01,4.428895869152301712e-01,-7.679826259653488307e-02,5.985332320858742783e+00,2.515981781170944842e+00,1.000000000000000000e+01,1.700000000000000000e+01
2.000000000000000000e+00,2.300000000000000000e+01,4.569161897650771964e-01,3.996009599214868091e-01,4.576319079815202029e-01,-1.650213053439498267e+01,9.047172418514527692e+00,8.785063691113599305e-01,8.180200467310640988e-01,8.973914241317124674e-01,-6.577575145124416878e+00,6.632499546955053837e+00,6.927891241637887942e-01,6.356422636461446229e-01,6.916583144961896412e-01,-1.190122073736943342e-01,7.288496977303088542e+00,2.433839641240810536e+00,1.600000000000000000e+01,1.200000000000000000e+01
2.000000000000000000e+00,1.700000000000000000e+01,5.122488825022271097e-01,5.547839931916629386e-01,4.888754459726064039e-01,-2.166741658379587321e+00,7.687892475799399605e+00,5.654660333265166816e-01,6.251348482001782836e-01,8.382182833629105989e-01,5.081634023659304056e+00,9.997115159394017070e+00,6.184142402894258206e-01,4.271233975013162265e-01,6.487704702536164492e-01,1.818656256486228751e+00,6.581719336827738687e+00,2.291704297265155343e+00,1.000000000000000000e+01,3.000000000000000000e+00
2.000000000000000000e+00,1.200000000000000000e+01,4.657878522877638150e-01,5.542066821511048014e-01,6.240814769296221254e-01,-1.745156628422375178e+00,8.899898047395321754e+00,6.074545507086903662e-01,5.048775188574086137e-01,7.012725518950863046e-01,-9.267536964750661355e+00,8.425061604822674965e+00,7.877363247011301972e-01,8.792721955782696330e-01,3.718434195267882880e-01,1.028202135831139330e+01,7.673180344824376498e+00,1.913565903183556571e+00,1.300000000000000000e+01,1.700000000000000000e+01
2.000000000000000000e+00,2.100000000000000000e+01,4.716666542727264710e-01,4.728316905451042107e-01,1.003064348224956825e+00,8.701875146072708844e+00,9.795161679089252615e+00,4.737256010889431823e-01,4.084225290855105217e-01,8.449322421219864765e-01,-1.258843387693246996e-01,6.784700334102364394e+00,6.465368760848549945e-01,5.577513212795178754e-01,3.529185505932774247e-01,-4.779438746087966372e+00,1.079699774840469217e+01,1.848967102208860736e+00,1.500000000000000000e+01,2.600000000000000000e+01
2.000000000000000000e+00,3.000000000000000000e+01,4.614641210162023777e-01,5.545082071970307558e-01,5.230102187464055197e-01,-1.255891793472745377e+01,9.147109790725878042e+00,6.808882079746144678e-01,4.164059408963343145e-01,6.228606773193313684e-01,-6.598707479711507062e+00,9.899322159785628017e+00,7.311513369921684991e-01,6.836566350343179499e-01,5.582886316823463257e-01,8.120585155909028074e-01,7.720343667155316503e+00,1.783865761589899623e+00,1.200000000000000000e+01,3.000000000000000000e+01
2.000000000000000000e+00,2.600000000000000000e+01,4.547929679819213700e-01,6.139190165764427665e-01,8.481336036675413137e-01,2.897924072217504587e+00,7.880481560746434688e+00,5.904239142060281331e-01,3.041712163365588029e-01,8.429055325144616528e-01,3.431684294010095559e+00,6.291257838859430684e+00,6.498875990442110062e-01,5.651426102733103640e-01,4.485032675118943990e-01,-5.851797450342938189e-01,7.614828282199786358e+00,1.749267861362770793e+00,1.500000000000000000e+01,1.000000000000000000e+01
2.000000000000000000e+00,1.300000000000000000e+01,6.398567273937931787e-01,5.546862671440162540e-01,4.924754043742201048e-01,-1.945212362091694125e+00,7.947073325115873388e+00,5.259773739949944460e-01,6.340902817011105919e-01,8.241745510825001508e-01,7.824883346291063191e+00,8.340957009281598999e+00,8.308773920190386519e-01,5.449719894681523957e-01,6.964206958885068577e-01,2.208369002633741474e+00,7.158767373229927067e+00,1.655544764213326747e+00,3.000000000000000000e+00,1.000000000000000000e+01
2.000000000000000000e+00,2.000000000000000000e+01,4.667906436361131117e-01,6.070148359373630509e-01,6.446197973602852960e-01,5.134774899335635467e+00,8.516095816951780861e+00,6.151583937173121797e-01,8.001292441667572364e-01,8.381946332485004092e-01,4.340653386246451362e+00,7.287466950430794732e+00,5.565627136287667476e-01,5.898167650438120857e-01,3.979942307877779584e-01,-1.822326985977225533e+00,7.958499414228120905e+00,1.517411345963989522e+00,1.000000000000000000e+01,1.700000000000000000e+01
2.000000000000000000e+00,2.800000000000000000e+01,7.651491347713648139e-01,4.658286724769474807e-01,3.974517344570930311e-01,-5.804175379177301863e+00,8.278209162431362955e+00,8.633359754881104742e-01,6.161985757056170909e-01,8.334568591149571493e-01,-1.420848778128160461e+01,6.564734353082275042e+00,5.794324170111431194e-01,6.445456378571836620e-01,7.052713834543420379e-01,-1.513853371379078716e+00,8.487851839390071262e+00,1.165173273691983757e+00,1.600000000000000000e+01,1.200000000000000000e+01
2.000000000000000000e+00,3.000000000000000000e+00,5.201488377323895129e-01,5.762454214998515845e-01,4.978088502772017865e-01,-3.500751050319085067e+00,9.982998021971130953e+00,5.745949682286197735e-01,6.264610967280161979e-01,8.197639607239104453e-01,7.670533947402438990e+00,1.058909751575603053e+01,7.758944972149861563e-01,4.987549662339991752e-01,4.179323723337483032e-01,8.643238098320120688e-01,9.343161867895840800e+00,1.030273081275863589e+00,1.000000000000000000e+01,3.000000000000000000e+00
2.000000000000000000e+00,1.500000000000000000e+01,4.562645323729129232e-01,6.640821041330429164e-01,6.078787738262837470e-01,-2.013885590733813302e+01,9.051222870209167937e+00,6.287550908660095583e-01,7.191715202588880862e-01,6.484987535204801423e-01,-1.269769834409620479e+01,8.447783373237058413e+00,8.780752750049453104e-01,6.288030033700180432e-01,5.084584291572410431e-01,1.118189615079041488e+01,8.692529643879893797e+00,8.861493714966357516e-01,1.300000000000000000e+01,1.700000000000000000e+01
2.000000000000000000e+00,1.400000000000000000e+01,4.737936712604953193e-01,6.949020803904557564e-01,1.023323524242347293e+00,-1.415826727139539010e+01,9.689216587478899356e+00,5.813802588364117563e-01,4.332397167913624170e-01,8.327521137437944310e-01,-5.921256069256703114e+00,6.922730993631581953e+00,7.817395361186489922e-01,5.789016156771066290e-01,3.165987539400760831e-01,-9.328633994075463676e-02,7.542930469546189620e+00,5.435796776195656044e-01,1.500000000000000000e+01,2.600000000000000000e+01
2.000000000000000000e+00,1.000000000000000000e+01,5.373778867443629315e-01,5.582977755692869470e-01,6.810981817409872408e-01,-1.196551234370754280e+01,9.058415701403903952e+00,7.840181104566876780e-01,4.058269306290684941e-01,6.465552219487576968e-01,-5.259432974969241670e+00,6.599538293789294130e+00,7.283695881918087478e-01,7.836650166624938851e-01,4.431021974852313305e-01,-1.124100808666147477e+00,5.414511199999093805e+00,5.015803919839166847e-01,1.200000000000000000e+01,3.000000000000000000e+01
2.000000000000000000e+00,3.100000000000000000e+01,4.545387175689423187e-01,6.669515213473438120e-01,9.224970590940444470e-01,4.917505311627431652e+00,8.265529273474117034e+00,5.903023986359342556e-01,3.895957107224957694e-01,8.604385208623618331e-01,4.566735187504654903e+00,6.689140782775838900e+00,8.214250522467116955e-01,4.902954626198556820e-01,4.454303842451072248e-01,-4.985156133893202668e-01,8.417406529778691748e+00,3.061916170151827155e-01,1.500000000000000000e+01,1.000000000000000000e+01
2.000000000000000000e+00,3.200000000000000000e+01,7.849450400220396862e-01,5.701326100531665109e-01,4.889954315163638210e-01,-3.886267798043855137e+00,8.734793150667409023e+00,3.880712116262217681e-01,6.043402371954198493e-01,7.603897380577896437e-01,7.082709907126599980e+00,7.944801182539494633e+00,5.656104497941536469e-01,9.614268691718824700e-01,6.726950523614813049e-01,-4.971799607680138511e-01,7.390175692189714596e+00,1.513019212628902432e-01,3.000000000000000000e+00,1.000000000000000000e+01
3.000000000000000000e+00,2.000000000000000000e+01,7.210732009536849896e-01,4.736535848340269750e-01,4.498659018880272753e-01,-1.085734030596709410e+01,8.968640036453148667e+00,8.064864280898925708e-01,7.320141172164705834e-01,6.405805715791015320e-01,-7.168549181327129816e+00,6.679197086861421440e+00,6.404366486951217352e-01,6.856844242837623060e-01,8.855745390268159323e-01,-1.091670137345703395e+00,8.980796589754577397e+00,1.745800419995117991e+01,2.700000000000000000e+01,6.000000000000000000e+00
3.000000000000000000e+00,3.000000000000000000e+00,4.613145422332862733e-01,5.771121114316605238e-01,6.299108078581943104e-01,-4.369332046228548094e+00,9.109416825079701852e+00,3.897263622824359564e-01,6.791723074242015379e-01,6.645519763283280756e-01,-9.214816275977227633e+00,6.934957500324585133e+00,5.276111891753809680e-01,7.131239541934659698e-01,4.587613454863922469e-01,-2.005682960712414697e+00,5.371008551329718550e+00,7.374386710322290206e+00,4.000000000000000000e+00,1.000000000000000000e+01
3.000000000000000000e+00,3.200000000000000000e+01,7.602721013771500669e-01,4.641645750902951284e-01,4.536393142782971788e-01,-1.363737092470693568e+01,9.123817975929586765e+00,9.474208669001522587e-01,6.942764828415659562e-01,6.307205712024539501e-01,7.681470055880495806e+00,6.636726064708567741e+00,6.305615207655753673e-01,5.779902538024677128e-01,8.830792858666334233e-01,-1.033181107556533807e+00,9.391053308734161220e+00,7.226037594973295342e+00,2.700000000000000000e+01,2.700000000000000000e+01
3.000000000000000000e+00,2.000000000000000000e+00,4.543974701254333004e-01,5.400233520441665158e-01,6.387132526685287415e-01,7.961114021301128219e+00,8.351996633941414672e+00,5.865543777761010880e-01,4.635697430077742043e-01,7.521899656024201297e-01,5.926362944580874981e+00,8.912503720604052049e+00,6.595541563722520095e-01,5.032798160316660496e-01,4.526977559482840419e-01,1.566988735415497658e-02,6.733660910447296644e+00,6.428473446729451091e+00,3.100000000000000000e+01,5.000000000000000000e+00
3.000000000000000000e+00,8.000000000000000000e+00,7.651777977281175591e-01,4.191561630198596955e-01,4.920372934588254088e-01,-1.139321839468287578e+00,7.516984253715428999e+00,6.101753878745627135e-01,3.292363246518236197e-01,6.503399963721013810e-01,8.569520413663418879e+00,6.645073660925878478e+00,6.397569966703748889e-01,5.745169715456405202e-01,1.081981800542722194e+00,-7.892432654291803296e-01,8.431224854295075843e+00,5.974360992220395516e+00,2.600000000000000000e+01,2.700000000000000000e+01
3.000000000000000000e+00,2.100000000000000000e+01,4.676140740311965915e-01,5.626318222828440296e-01,5.530709737240641077e-01,-3.509487290862118858e+00,9.333011807416179195e+00,5.907060688419619732e-01,5.615174841300841768e-01,7.645599608318224272e-01,1.334703927839690163e+00,9.226000384275563349e+00,6.360403664290903425e-01,5.994640535423391148e-01,4.190008353821643161e-01,1.952226117160735797e+00,5.929077253054160224e+00,5.946915512618589084e+00,2.400000000000000000e+01,5.000000000000000000e+00
3.000000000000000000e+00,2.900000000000000000e+01,4.544560229314462130e-01,6.388901661702712786e-01,6.193338613467462839e-01,2.225623378409810726e+00,8.267910551038795575e+00,5.927012462679538407e-01,2.798814771213948838e-01,8.523135748082425467e-01,-9.067579053531736877e-01,9.786556690461713615e+00,6.368872303067365515e-01,5.225074722829591289e-01,4.474084818313669998e-01,3.153148103985508044e-01,9.181949302037141436e+00,5.945070834437713891e+00,3.100000000000000000e+01,5.000000000000000000e+00
3.000000000000000000e+00,1.900000000000000000e+01,7.621988486959093700e-01,6.562599947313494386e-01,3.868920727614265087e-01,-2.044681895293600249e+01,9.154484710846523043e+00,8.411063935624467636e-01,7.121223458941232654e-01,6.448600795198249358e-01,-1.106988161275514670e+01,7.325898824833593892e+00,7.778979035381503593e-01,5.906468557928108432e-01,6.482647947981728942e-01,5.328062410706349894e+00,9.379558341732218807e+00,5.945070834437713891e+00,2.700000000000000000e+01,1.500000000000000000e+01
3.000000000000000000e+00,1.700000000000000000e+01,6.891610706701840616e-01,4.548881036190962623e-01,4.534972247525699829e-01,-1.245425640248309129e+01,8.972778423264619718e+00,6.506215120215433911e-01,8.165870306840319337e-01,6.337202660311337388e-01,-2.976036580540828425e-01,6.685386288377908492e+00,6.935062301610352975e-01,6.561225992061071599e-01,8.774753194437270309e-01,1.676802998713844417e-02,9.502746363978893385e+00,5.279375264571704029e+00,2.700000000000000000e+01,6.000000000000000000e+00
3.000000000000000000e+00,1.100000000000000000e+01,6.440503091208846786e-01,5.468325624794493356e-01,5.701351992618778342e-01,-1.092797814319118999e+01,7.329528167241448955e+00,3.409814658720389802e-01,6.810000290891966568e-01,6.335762365777328764e-01,-2.882404407774177280e+00,6.553163895999437827e+00,5.076286793456031843e-01,5.770124426406532114e-01,4.928325979140247282e-01,-1.307230037512642884e+00,4.600754026737195801e+00,5.241342058190838316e+00,4.000000000000000000e+00,1.000000000000000000e+01
3.000000000000000000e+00,2.300000000000000000e+01,7.602721013771500669e-01,4.641645750902951284e-01,4.536393142782971788e-01,-1.363737092470693568e+01,9.123817975929586765e+00,9.474208669001522587e-01,6.942764828415659562e-01,6.307205712024539501e-01,7.681470055880495806e+00,6.636726064708567741e+00,6.305615207655753673e-01,5.779902538024677128e-01,8.830792858666334233e-01,-1.033181107556533807e+00,9.391053308734161220e+00,5.080776340196508478e+00,2.700000000000000000e+01,2.700000000000000000e+01
3.000000000000000000e+00,3.000000000000000000e+01,4.547994322358966390e-01,5.359020425577991631e-01,6.204941296845389864e-01,6.061759288329833240e-01,8.469823922131643812e+00,5.856330635574105159e-01,6.666553583173888686e-01,8.453432670995494336e-01,8.892187067443857451e-01,8.087944983299784951e+00,8.815078947841946677e-01,4.907455203864241611e-01,4.333647517407690497e-01,-1.825609238784515531e+00,9.184525824850721776e+00,4.873124373743088711e+00,3.100000000000000000e+01,5.000000000000000000e+00
3.000000000000000000e+00,2.200000000000000000e+01,4.520530469371447091e-01,4.466295201153285266e-01,6.821414220000219242e-01,6.622195908561756994e+00,8.627690952663714441e+00,1.067608561449801208e+00,7.952960578300902750e-01,7.968035363398808801e-01,6.657579515538264658e+00,6.606502952424758490e+00,6.243926336161451651e-01,5.681850986027539019e-01,9.950549832745165801e-01,-1.027307647759239995e+00,1.023621507482115689e+01,4.345256074414068692e+00,2.600000000000000000e+01,2.700000000000000000e+01
3.000000000000000000e+00,1.800000000000000000e+01,4.524966032795936233e-01,5.670064535441553533e-01,5.661260017316610549e-01,-2.583007128092312588e+00,9.171869703222110815e+00,5.759998761408370305e-01,4.891140062779012476e-01,7.370395208898182782e-01,4.554058800845250943e-01,6.488155525241463550e+00,8.175267352475060756e-01,5.754710668120052164e-01,8.915520663911468136e-01,-1.720697941883942761e+00,3.589513787687420798e+00,4.026644276680032775e+00,2.400000000000000000e+01,5.000000000000000000e+00
3.000000000000000000e+00,1.600000000000000000e+01,4.550248774058716639e-01,6.348466947538468075e-01,8.845311383216145629e-01,-4.050604449553253161e+00,8.671898162818520106e+00,5.865210752991267817e-01,7.565326746148616222e-01,9.097830834230569153e-01,3.332732210301765807e+00,7.588475041292283230e+00,9.023880687385974486e-01,4.957427174215774945e-01,4.325815402966366463e-01,-2.843079372980824360e+00,7.356195672724464174e+00,3.672197186399216218e+00,3.100000000000000000e+01,5.000000000000000000e+00
3.000000000000000000e+00,2.800000000000000000e+01,3.374589121674890779e-01,5.718674171821953589e-01,6.059460226658375248e-01,-1.373974965244321211e+01,9.101000291065263426e+00,5.845776944991283308e-01,6.885191797319779594e-01,6.319337837876597419e-01,-1.332619717056609332e+01,5.921994174665065280e+00,8.901874541758751924e-01,5.684174354115790750e-01,9.410528041404031541e-01,1.371569337095565722e+01,8.735310375046013931e+00,3.344602139125508966e+00,2.700000000000000000e+01,1.500000000000000000e+01
3.000000000000000000e+00,1.300000000000000000e+01,6.902208929299278317e-01,4.628746089751899495e-01,4.526963682087414287e-01,-1.472553796389508918e+01,8.967374936086150328e+00,1.018225323753481737e+00,7.398231822746028641e-01,6.419809221791593634e-01,1.131113170708523796e+00,6.684100943293620922e+00,6.758384279480076362e-01,7.293704351616305814e-01,8.779446151651495445e-01,-1.840402801071181482e-01,9.134514060061137641e+00,3.131361575160948263e+00,2.700000000000000000e+01,6.000000000000000000e+00
3.000000000000000000e+00,9.000000000000000000e+00,5.918502096721901529e-01,5.965284486429344168e-01,4.089334840366000146e-01,-1.172366835434056043e+01,8.514985668906826177e+00,7.039271641121176426e-01,3.077690040693491502e-01,7.147824587324648205e-01,-2.186872509625287009e+00,6.528233808840578689e+00,7.300843582870176762e-01,6.581480649073642164e-01,4.314690325385582281e-01,-1.580277163035757715e+00,5.011127268210841201e+00,2.990905972102965826e+00,4.000000000000000000e+00,1.000000000000000000e+01
3.000000000000000000e+00,6.000000000000000000e+00,7.602721013771500669e-01,4.641645750902951284e-01,4.536393142782971788e-01,-1.363737092470693568e+01,9.123817975929586765e+00,9.474208669001522587e-01,6.942764828415659562e-01,6.307205712024539501e-01,7.681470055880495806e+00,6.636726064708567741e+00,6.305615207655753673e-01,5.779902538024677128e-01,8.830792858666334233e-01,-1.033181107556533807e+00,9.391053308734161220e+00,2.969090733603032550e+00,2.700000000000000000e+01,2.700000000000000000e+01
3.000000000000000000e+00,4.000000000000000000e+00,4.546840932726300410e-01,6.128705831752280231e-01,1.107097062347607519e+00,2.723685553987435171e+00,8.184742119320462805e+00,5.921695246506331056e-01,8.033729093414961886e-01,8.245534545419788142e-01,1.928807866880481114e+00,5.942287538576042749e+00,7.908407613792541868e-01,6.024682752853695034e-01,4.232771205470265974e-01,-3.242916604810098580e+00,9.840254484941475255e+00,2.558836645903062923e+00,3.100000000000000000e+01,5.000000000000000000e+00
3.000000000000000000e+00,2.500000000000000000e+01,7.136270754521731874e-01,6.451351250118505520e-01,5.770234019473627907e-01,-7.052131936479854701e+00,9.205523601858260463e+00,1.091139053634987865e+00,3.910842588871409342e-01,6.658433647339495609e-01,7.087337582789678514e+00,6.623881637546644718e+00,6.265426587220324084e-01,5.703641766586496908e-01,1.067073259576942768e+00,-1.139116603448573795e+00,9.225063262000720243e+00,2.557009286037061901e+00,2.600000000000000000e+01,2.700000000000000000e+01
3.000000000000000000e+00,1.500000000000000000e+01,4.589617693625163142e-01,5.885760709054519424e-01,5.293310371908250822e-01,-1.498503120122629539e+00,8.489820058684378168e+00,5.909008548900398505e-01,7.680620418118649928e-01,7.247648848228610552e-01,5.802590603080233222e+00,1.003920228250169089e+01,7.415403353973205602e-01,6.100246241128951530e-01,6.742219995540628119e-01,3.003095799716315462e+00,4.437407528675596957e+00,2.509725618198451080e+00,2.400000000000000000e+01,5.000000000000000000e+00
3.000000000000000000e+00,1.400000000000000000e+01,4.548079303588720701e-01,5.272660709162408921e-01,1.085383598020486451e+00,-5.598696501506669421e+00,8.661829452174583110e+00,5.911478185914870176e-01,9.088255576387699319e-01,7.887443353583295513e-01,5.233973013171947741e+00,5.854009434340358808e+00,6.071094769363363230e-01,6.107940285200194053e-01,4.236949400260949239e-01,-1.510886471405173737e+00,5.946570949652056015e+00,2.117666603497338595e+00,3.100000000000000000e+01,5.000000000000000000e+00
3.000000000000000000e+00,2.600000000000000000e+01,3.398447040727151092e-01,6.497995934856761746e-01,4.839584741085156128e-01,-1.621112131127070910e+01,9.116436559843840826e+00,1.051764052221867418e+00,7.137789100309093193e-01,6.514790341900112969e-01,6.659721931322550859e+00,8.594810989711694660e+00,9.264775998472001284e-01,6.411472837804208513e-01,9.989223448124886495e-01,7.247292354341370313e-01,9.449109676306155947e+00,1.773123368201822592e+00,2.700000000000000000e+01,1.500000000000000000e+01
3.000000000000000000e+00,1.000000000000000000e+01,7.608659279340513892e-01,4.587429286651161231e-01,4.485907266310604213e-01,-1.046375883863585265e+01,9.117231908809140251e+00,5.732575840272450263e-01,7.517509530530646078e-01,6.712008030527863989e-01,-2.122956837804753150e+01,6.630257893264247748e+00,6.107687416740296138e-01,6.025324157837943506e-01,8.853008045798079761e-01,1.011152339179512971e-01,8.273523138551739819e+00,1.006976868438639539e+00,2.700000000000000000e+01,6.000000000000000000e+00
3.000000000000000000e+00,5.000000000000000000e+00,4.954006794434921424e-01,5.962560724104248866e-01,6.028006190218196947e-01,-1.215252517887446793e+01,8.335811905431931734e+00,9.132197283661603882e-01,3.777263027615139768e-01,6.564597389241436654e-01,5.778002998715411564e+00,6.769902273622788513e+00,5.572051609194433874e-01,8.468466731050866558e-01,4.591064321022485517e-01,-1.776803299480383735e+00,4.919426787615384100e+00,9.606629831458037838e-01,4.000000000000000000e+00,1.000000000000000000e+01
3.000000000000000000e+00,3.100000000000000000e+01,7.602721013771500669e-01,4.641645750902951284e-01,4.536393142782971788e-01,-1.363737092470693568e+01,9.123817975929586765e+00,9.474208669001522587e-01,6.942764828415659562e-01,6.307205712024539501e-01,7.681470055880495806e+00,6.636726064708567741e+00,6.305615207655753673e-01,5.779902538024677128e-01,8.830792858666334233e-01,-1.033181107556533807e+00,9.391053308734161220e+00,8.519174059445439040e-01,2.700000000000000000e+01,2.700000000000000000e+01
3.000000000000000000e+00,1.200000000000000000e+01,4.549125009264226582e-01,7.250397887398271068e-01,7.328763334770119764e-01,-2.965580301721152168e+00,8.326480641502929103e+00,5.871017869394702382e-01,5.764544150850579030e-01,8.498773387169221705e-01,-7.100202324133109144e-03,9.013858591149167765e+00,7.881761917364009662e-01,6.126701413389619155e-01,4.515298658202857585e-01,-6.036334388468800327e-01,3.468672491572291960e+00,6.603046934585937722e-01,3.100000000000000000e+01,5.000000000000000000e+00
3.000000000000000000e+00,7.000000000000000000e+00,6.794952118185160206e-01,5.932096253300030986e-01,8.629277612626898852e-01,-1.037738486457396192e+01,7.406074288612964018e+00,1.026501110531823802e+00,7.583048247660103547e-01,6.184128580402823427e-01,4.238871929223320123e+00,6.799683853942621425e+00,6.570479681970623487e-01,5.713941399085217254e-01,1.082183803089308949e+00,-7.816740651402702689e-01,7.378334626610629776e+00,6.536070684246834128e-01,2.600000000000000000e+01,2.700000000000000000e+01
3.000000000000000000e+00,2.700000000000000000e+01,4.646616289113819631e-01,5.467991640527698483e-01,6.028667194768230209e-01,-1.223274052706149195e+00,9.479845479235690320e+00,5.736207445511810610e-01,2.782864518209882121e-01,7.359194813428869830e-01,3.953452997618689402e-01,9.458034935703063084e+00,8.279482132035869135e-01,5.975171391121000264e-01,7.335857285283566842e-01,1.920615509494671969e+00,5.993330775037080116e+00,5.195230169763298544e-01,2.400000000000000000e+01,5.000000000000000000e+00
3.000000000000000000e+00,1.000000000000000000e+00,4.544946397619771261e-01,6.937798435681203912e-01,7.263218804797815231e-01,-6.744536962315184070e+00,8.089377403488265728e+00,5.901270839762070564e-01,8.754644364507971899e-01,7.477051278961113212e-01,1.147262851933789740e+00,8.591007304753508933e+00,6.842940056745923094e-01,5.673273698964449441e-01,4.327532950805142997e-01,-2.337974807666311605e+00,8.887450861459523566e+00,2.808087025775807266e-01,3.100000000000000000e+01,5.000000000000000000e+00
3.000000000000000000e+00,2.400000000000000000e+01,6.335202352329125652e-01,4.077728645320449763e-01,5.011260123111943576e-01,-2.288445607109439450e+01,9.112272027424037191e+00,6.147757080743045943e-01,6.943614066023043874e-01,6.533830850142776647e-01,1.430139774811632236e+00,6.540417928155433103e+00,5.338356442608543917e-01,6.312426407279631002e-01,9.146376387738885949e-01,-4.583704163724847902e+00,9.066448709843369258e+00,6.849210040346906392e-02,2.700000000000000000e+01,1.500000000000000000e+01
4.000000000000000000e+00,2.500000000000000000e+01,5.128856296918506974e-01,5.781336192355774894e-01,8.073532117625936699e-01,-2.463849758775568333e+00,7.658813853177003139e+00,4.411813308615069040e-01,7.629837924900845225e-01,6.260972592755414956e-01,1.536696893611432913e+00,8.831737756957231511e+00,6.286981693859846620e-01,6.058809095098419695e-01,9.463927625029828761e-01,-1.834882434367184123e+00,7.428085597040377408e+00,2.044869837000295476e+01,2.100000000000000000e+01,7.000000000000000000e+00
4.000000000000000000e+00,1.000000000000000000e+00,7.910060734840731467e-01,4.533594160756641012e-01,4.534316512676156985e-01,-1.330191625006900047e+01,8.974044197924319732e+00,6.741981386003408350e-01,6.925235653229562249e-01,6.324466175115590616e-01,1.170247399670734545e+00,6.702841613801973075e+00,6.119928664082761038e-01,6.925845917257573703e-01,8.807396990432205808e-01,-7.158507615258334900e-01,9.492056016572455235e+00,1.309355290588808707e+01,2.300000000000000000e+01,1.700000000000000000e+01
4.000000000000000000e+00,2.600000000000000000e+01,6.533051749929350560e-01,6.068314188547624388e-01,9.749635209549808446e-01,-1.278761619658982340e+01,9.188229326655584117e+00,5.804302867975927871e-01,8.053570674268485385e-01,8.533840029890682466e-01,6.291810269109925358e-01,7.018358990940443576e+00,7.993050452374530490e-01,5.840958730006046151e-01,2.411021254134443625e-01,-2.555892965242358983e-01,9.393949549832095514e+00,8.572410244708931870e+00,4.000000000000000000e+00,1.700000000000000000e+01
4.000000000000000000e+00,2.200000000000000000e+01,5.786293390059765729e-01,5.644485760100598215e-01,5.041972454842550411e-01,-2.354014415219585743e+01,9.321561934424932971e+00,5.929451977525400652e-01,7.374767429565284305e-01,5.994311640934042451e-01,1.429811873148565837e+00,7.046468494469912969e+00,6.176828819295353545e-01,6.065401101412862817e-01,4.422528170478162712e-01,-2.469332863593304062e+00,4.790242231459969524e+00,6.244489931838442587e+00,2.100000000000000000e+01,2.400000000000000000e+01
4.000000000000000000e+00,1.500000000000000000e+01,8.086780994019093782e-01,4.433259165993750917e-01,5.071790219728836702e-01,-1.825641971612235537e+01,9.263908023497519295e+00,9.425936427488819103e-01,7.438917790486913040e-01,6.794072325819866531e-01,-1.177456104927941949e+00,7.601838519816261908e+00,6.366627534680084910e-01,6.100382169115408093e-01,8.629011871492214825e-01,-4.501923464959394217e-01,4.782828386800547449e+00,5.634384518605211944e+00,2.300000000000000000e+01,2.100000000000000000e+01
4.000000000000000000e+00,3.000000000000000000e+01,6.134646944117613243e-01,4.701652150392840457e-01,4.403422051977081142e-01,-1.575054986419494618e+01,9.115762932347845293e+00,5.610276971521356293e-01,7.180839922284077970e-01,6.465949825941046392e-01,-4.193470029326451964e+00,6.549799627495809240e+00,6.169068096122940492e-01,5.911451135803772461e-01,9.237612252195579465e-01,-4.733495741677833379e+00,9.263965300658252744e+00,5.493761682901263654e+00,2.400000000000000000e+01,1.000000000000000000e+01
4.000000000000000000e+00,1.100000000000000000e+01,3.925306292193004865e-01,6.074960617585654088e-01,3.405023339795373860e-01,-6.599201922782279794e+00,8.372773195051506079e+00,6.022572452602771298e-01,5.936367076969346623e-01,5.452603017801564977e-01,1.111203376390690334e-01,9.181931311808300578e+00,7.045572317793318273e-01,6.019681719952861831e-01,4.714352566139614620e-01,-3.485385999047323491e-01,4.005596396493324995e+00,5.367006939856211467e+00,1.200000000000000000e+01,1.700000000000000000e+01
4.000000000000000000e+00,1.800000000000000000e+01,3.218673706328178397e-01,4.483644574933963733e-01,7.603110526533689573e-01,-8.791418313996048894e+00,8.683719260544846108e+00,5.819047386429192503e-01,9.081484559701797910e-01,6.140828267977159749e-01,1.431685858467787398e+00,5.936796455913452952e+00,6.059323169464394532e-01,5.985817492892094860e-01,2.474613631824745252e-01,-1.376603663463868532e+00,5.688925419765160640e+00,5.240876798629934719e+00,1.000000000000000000e+01,1.400000000000000000e+01
4.000000000000000000e+00,8.000000000000000000e+00,4.076511191627981701e-01,5.635704724948413791e-01,8.993831365537685585e-01,-1.062638456258521025e+01,7.610293417524954585e+00,8.666148445072664463e-01,6.474878793258350695e-01,7.831074179687840253e-01,4.166459443646626681e+00,8.991633647920746597e+00,6.647384109842641164e-01,5.768082429869625383e-01,2.419301255346719692e-01,2.362031671865560511e+00,6.356165803927024349e+00,4.494988157658543315e+00,2.100000000000000000e+01,7.000000000000000000e+00
4.000000000000000000e+00,1.300000000000000000e+01,6.723371204784398536e-01,4.527424747122093529e-01,4.535801662610371987e-01,-1.406355201002986455e+01,8.997628398195390176e+00,7.430416789840186276e-01,6.450858905482078631e-01,6.313909135067741207e-01,5.894371191507319807e+00,6.693018379403443241e+00,6.133772908147702152e-01,5.613082709247224633e-01,8.783061454868664741e-01,-1.464412652990878749e+00,9.359672348520140517e+00,4.379825848137880229e+00,2.300000000000000000e+01,1.700000000000000000e+01
4.000000000000000000e+00,3.000000000000000000e+00,4.859723429013174112e-01,3.811533223943128212e-01,3.339765468885044220e-01,6.428448672319415635e+00,8.316334960431319701e+00,5.850191381681127956e-01,8.076333128803049322e-01,6.565812072041474767e-01,-5.385225579752679348e-01,6.524400480579174655e+00,8.185812033782262631e-01,6.270989494207631632e-01,6.432089826042159952e-01,5.351466854040856092e-01,9.796789146095175482e+00,3.547228392114261553e+00,4.000000000000000000e+00,1.700000000000000000e+01
4.000000000000000000e+00,2.700000000000000000e+01,5.796337628341938775e-01,3.789372065792481759e-01,5.087666930785937902e-01,1.052881435963435308e+00,9.258716608868622799e+00,5.994447502734185917e-01,5.063334560636038040e-01,7.228014095071707557e-01,1.373665363430969455e+00,7.717853361787695654e+00,5.783057689518307232e-01,5.912297193643706317e-01,1.120634929836324289e+00,3.387878870065039294e+00,9.001508921124724338e+00,3.307623855806103297e+00,2.100000000000000000e+01,2.400000000000000000e+01
4.000000000000000000e+00,2.000000000000000000e+01,4.942481678290543412e-01,4.408038688715812947e-01,5.919542500489521908e-01,-1.223925173772975938e+00,9.226742892498126736e+00,5.952093623815961632e-01,6.348438973943594243e-01,5.644168336196587754e-01,6.873005942224253317e+00,8.811377826984767125e+00,6.342967632404624689e-01,6.067515543007551138e-01,9.109802483939657414e-01,3.298367839744370755e+00,5.111878211219191392e+00,3.128754774728293331e+00,2.300000000000000000e+01,2.100000000000000000e+01
4.000000000000000000e+00,1.600000000000000000e+01,5.828818903716315170e-01,4.504346161645433888e-01,4.366419799668649904e-01,-1.814795059400250921e+01,9.111770983285724768e+00,6.288570542475621084e-01,6.791705933730644018e-01,6.704894795984241984e-01,-3.776237391470260718e+00,6.585978878462388053e+00,5.395829858132442647e-01,6.264195870128218546e-01,9.103166536058769909e-01,-6.127793913358271283e+00,8.296090408698898244e+00,2.936370965579311321e+00,2.400000000000000000e+01,1.000000000000000000e+01
4.000000000000000000e+00,2.000000000000000000e+00,4.270154933260649766e-01,6.264142027113708266e-01,4.643322713128857915e-01,-1.488827376108343969e+01,9.123467337613664796e+00,5.901998978075935209e-01,7.986386270279228761e-01,8.889000794809285289e-01,-4.901702535022295359e-02,8.400350661201633429e+00,6.640976039669592712e-01,6.658176451594219891e-01,6.441221240779775314e-01,-3.883552359190682868e-01,2.966706072587247167e+00,2.717237454111518513e+00,1.200000000000000000e+01,1.700000000000000000e+01
4.000000000000000000e+00,3.100000000000000000e+01,5.644961624128690403e-01,5.337746699871870337e-01,1.505305451558405783e-01,-5.590341576524103573e+00,9.205004377226854828e+00,5.804812620277388646e-01,7.506008687680103542e-01,7.488636694100643254e-01,-2.291945227251974160e+01,6.465475249054822626e+00,6.104949824611496378e-01,6.051715473027149406e-01,3.836403254633716786e-01,-1.673287558519691132e+00,4.974486529709646554e+00,2.667014583939566474e+00,1.000000000000000000e+01,1.400000000000000000e+01
4.000000000000000000e+00,9.000000000000000000e+00,5.297638601244216705e-01,5.542723588179441219e-01,5.761450236036633754e-01,-5.085710221642980144e+00,8.798593514046942232e+00,9.537122344349890923e-01,7.232603387832322595e-01,7.299609357046051850e-01,2.097029069322873696e+00,7.277422957200505138e+00,6.315615022578469073e-01,5.694876969201041472e-01,1.254797807321201830e+00,1.790540417354777425e+00,7.667546237641143847e+00,2.610894412624165994e+00,2.100000000000000000e+01,7.000000000000000000e+00
4.000000000000000000e+00,3.200000000000000000e+01,7.394365902375549249e-01,4.629202266663298149e-01,4.535593081746684407e-01,-1.382019187900977286e+01,8.916531674197926804e+00,8.456422954792308655e-01,7.520101514786816654e-01,6.349984624146258749e-01,6.341399270170411384e+00,6.698281195781377484e+00,6.447577388288343592e-01,6.946313250575667508e-01,8.758950323916641079e-01,-1.414703334926284972e+00,9.436025596706691942e+00,2.155433053996057780e+00,2.300000000000000000e+01,1.700000000000000000e+01
4.000000000000000000e+00,1.000000000000000000e+01,7.322252370978983294e-01,5.560136362798091536e-01,4.295071445829655166e-01,-1.458930182468930425e+01,9.204423273862730071e+00,6.080643032607799814e-01,8.086495248282200565e-01,7.588775626382465722e-01,7.482152580052328084e-01,6.552769862910473364e+00,6.802400741549955443e-01,6.736496313926310098e-01,8.716554229991241298e-01,-9.382132370933229382e-01,9.836216285802422021e+00,2.151052191358326926e+00,4.000000000000000000e+00,1.700000000000000000e+01
4.000000000000000000e+00,1.400000000000000000e+01,5.887444216519122087e-01,5.890900467291302345e-01,5.373795347617481566e-01,-4.459807099657787433e+00,9.051608932299144428e+00,5.795071309569514995e-01,7.413011524704965494e-01,7.484028582935046137e-01,1.375134804772531361e+00,7.065481395912712514e+00,5.829900506840507424e-01,6.020158270398994205e-01,8.381742967999430416e-01,3.713493000165133395e-01,6.456275640180567876e+00,2.014966569768954940e+00,2.100000000000000000e+01,2.400000000000000000e+01
4.000000000000000000e+00,7.000000000000000000e+00,5.323934492068258528e-01,4.621762212803500747e-01,5.878658902776416895e-01,-8.767171023736194613e+00,9.293802022101186111e+00,5.537913455764551518e-01,7.428868323042182586e-01,5.882862074522791085e-01,1.029595734074575475e+01,9.071191607214350583e+00,6.348145564608237423e-01,6.029075546937068264e-01,1.105311243932483256e+00,-2.523466941612603875e+00,9.661731238915336917e+00,1.146635595003503427e+00,2.300000000000000000e+01,2.100000000000000000e+01
4.000000000000000000e+00,5.000000000000000000e+00,6.675213942598509087e-01,4.279031847933676413e-01,4.806685581092411397e-01,-1.479678630303887132e+01,9.112587036589044232e+00,5.917666409016288931e-01,7.128901658079140891e-01,6.714791270895773545e-01,-1.956440307409745571e+01,6.628867998008997731e+00,5.288299015845205897e-01,6.399464555727470971e-01,9.266787040569927081e-01,1.133424186006497969e+00,8.035031330690911133e+00,1.072433592796139923e+00,2.400000000000000000e+01,1.000000000000000000e+01
4.000000000000000000e+00,2.900000000000000000e+01,7.833090529292550119e-01,6.819073003652574849e-01,5.389197447225402282e-01,-1.625787568324982502e+01,8.538976211768359192e+00,6.710080867640867419e-01,8.636403631402878034e-01,6.277206305529421382e-01,9.148993592309551115e-02,8.808815225372381263e+00,7.319506456115021376e-01,6.153527467270510920e-01,1.028657127108021818e+00,-7.971614324135272156e-01,3.545872468001467492e+00,9.116115924369951884e-01,1.200000000000000000e+01,1.700000000000000000e+01
4.000000000000000000e+00,2.100000000000000000e+01,5.239669829863173867e-01,5.392030537818043312e-01,1.289810856622271462e+00,-3.857427038072373193e+00,9.044446981940145847e+00,5.920327178096220777e-01,9.228826396798628373e-01,7.142046046074200794e-01,-7.241497180681584211e+00,6.511848853901151202e+00,6.077177844039383103e-01,6.107962216846083425e-01,6.366013910231343997e-01,-9.958864120987036550e-01,6.479657284713363552e+00,8.226953379352918150e-01,1.000000000000000000e+01,1.400000000000000000e+01
4.000000000000000000e+00,6.000000000000000000e+00,4.735576887076908270e-01,5.512120467408766489e-01,4.284294100705971498e-01,-1.877129562276795838e+00,7.907055463992569422e+00,1.192941639651619257e+00,6.905100556420384894e-01,7.992928764527551522e-01,4.763857177852749203e+00,1.012731981023545558e+01,6.560678422738878135e-01,5.881670513508734377e-01,5.370766900827023127e-01,2.830888845049580382e+00,5.624514133764087376e+00,7.333019635456056173e-01,2.100000000000000000e+01,7.000000000000000000e+00
4.000000000000000000e+00,2.300000000000000000e+01,7.435869759677624646e-01,4.540222350128702566e-01,4.535755243096223910e-01,-1.320606712733066601e+01,9.141329956754303154e+00,1.065154272477187192e+00,7.639419470724488903e-01,6.336996730654826937e-01,6.895158776544956680e+00,6.707763151989273531e+00,6.080811042272880051e-01,6.774266487748917820e-01,8.842685271542080061e-01,-1.106423772226126090e-01,9.399062990241940696e+00,5.776744070534683972e-01,2.300000000000000000e+01,1.700000000000000000e+01
4.000000000000000000e+00,1.700000000000000000e+01,7.976208710134967683e-01,4.331992723731691308e-01,2.606207721810813727e-01,-2.682973393725823996e+00,7.812266072695136288e+00,5.769094608113495282e-01,8.133190482595766824e-01,6.064947658653865314e-01,1.711786225896426039e+00,6.690019757282140489e+00,6.701719262817045220e-01,6.725201993252181154e-01,8.176911633008432378e-01,-2.523621298138640334e+00,9.999122631561389696e+00,5.579155536814387473e-01,4.000000000000000000e+00,1.700000000000000000e+01
4.000000000000000000e+00,1.900000000000000000e+01,6.926001464778706040e-01,5.251708137331391191e-01,5.653219436595828817e-01,-2.858838980656310014e+01,9.042360456934643409e+00,5.952143122453380508e-01,5.164763126946373406e-01,7.658966766955996874e-01,1.449555600426258639e+00,6.770607429715916226e+00,6.393635184520523040e-01,6.280525145586881575e-01,6.457025814249256479e-01,-2.629935454959937857e+00,9.334301922171270860e+00,5.336808403032942127e-01,2.100000000000000000e+01,2.400000000000000000e+01
4.000000000000000000e+00,1.200000000000000000e+01,7.440061302238281105e-01,5.998909863153181199e-01,5.035356431850239733e-01,-1.676914774396239594e+01,9.086594572269847347e+00,9.002599175809276044e-01,5.531513879180223192e-01,5.668424565139241755e-01,9.712839641370846877e+00,5.472094844873126362e+00,6.308681395713096052e-01,5.784801964273570407e-01,4.888375467883881997e-01,-4.846171880871548154e-01,1.040176467139857408e+01,3.759086684621665841e-01,2.300000000000000000e+01,2.100000000000000000e+01
4.000000000000000000e+00,4.000000000000000000e+00,7.141696787594471463e-01,4.516472329839922861e-01,5.250068370143726737e-01,-2.809648453421043612e+01,9.113160527264007271e+00,5.936075169072688729e-01,7.456346173736044802e-01,6.657181632665123416e-01,-2.065475383767599382e+01,6.561137679009573453e+00,5.800679492755012046e-01,6.340970836197958871e-01,9.089067489758583251e-01,-1.242934020161637676e+00,9.420623761701133247e+00,2.210365420724348384e-01,2.400000000000000000e+01,1.000000000000000000e+01
4.000000000000000000e+00,2.800000000000000000e+01,5.342303167148348964e-01,4.887693692221384278e-01,6.262775913486171575e-01,-7.054363065861737780e+00,8.929956527009961675e+00,6.303437581298303449e-01,7.057150841596453450e-01,6.792244352681933162e-01,-3.783414756704377990e-01,9.170576086103569224e+00,6.924271631645471103e-01,5.932482790330597666e-01,9.210612712090013865e-01,-8.148070076454734245e-01,8.327856483267559895e+00,2.116433159216716819e-01,1.200000000000000000e+01,1.700000000000000000e+01
4.000000000000000000e+00,2.400000000000000000e+01,4.260658043869051115e-01,4.272008775788450619e-01,1.318004004383284578e+00,-6.726763877519865709e+00,9.027688270164702544e+00,5.693813039394529651e-01,8.700291090243225112e-01,8.213828121121913295e-01,-2.892092235473663564e+01,5.871974174645437472e+00,6.097839668928417556e-01,6.094145581843432025e-01,9.883325254085106870e-01,-7.550109109783347261e-01,7.252675329259501424e+00,4.468982051600883798e-02,1.000000000000000000e+01,1.400000000000000000e+01
