{"individuals": {"min_box_size": 0.3, "max_box_size": 1.0, "random_box_size": true, "symmetric": false, "min_force": 100, "max_force": 500, "start_move_pattern_size": 240, "max_move_pattern_size": null, "vary_pattern_length": true, "normalize_move_pattern": false, "standard_volume": 2.197}, "simulation": {"fps": 240, "colormap": "viridis", "generations": 150, "individuals": 80, "duration": 40}, "evolution": {"mutation_prob_ind": 0.30, "mutation_prob_gene": 0.10, "mutation_prob_feature": 0.15, "alpha_limits": 0.5}}